horizon,model,fold,validation_start,validation_end,train_n,validation_n,skipped,positive_rate,roc_auc,pr_auc,precision,recall,f1,accuracy,log_loss,brier,threshold,top_tercile_win_rate,top_tercile_median_return,top_tercile_median_excess,top_tercile_beat_rate,top_tercile_median_mfe,top_tercile_median_mae
1,majority_baseline,1,2026-09-22,2026-09-23,37,31,,0.5161,0.5,0.5161,,0.0,,0.4839,0.6938,0.2503,0.5405,0.3,-0.002124,0.005,0.6,,
1,majority_baseline,2,2026-09-24,2026-09-28,60,26,,0.5385,0.5,0.5385,,0.0,,0.4615,0.6943,0.2505,0.5833,0.5556,0.000478,,,,
1,majority_baseline,mean,,,,,,,0.5,0.5273,,0.0,,0.4727,0.6941,0.2504,,,,,,,
1,majority_baseline,median,,,,,,,0.5,0.5273,,0.0,,0.4727,0.6941,0.2504,,,,,,,
1,majority_baseline,std,,,,,,,0.0,0.0112,,0.0,,0.0112,0.0003,0.0001,,,,,,,
1,majority_baseline,worst,,,,,,,0.5,0.5161,,0.0,,0.4615,0.6943,0.2505,,,,,,,
1,majority_baseline,pooled_oos,,,,57,,0.5263,0.5111,0.532,0.5263,1.0,0.6897,0.5263,0.694,0.2504,0.5263,0.4211,-0.001947,0.005,0.6,,
1,random_baseline,1,2026-09-22,2026-09-23,37,31,,0.5161,0.3667,0.4635,0.4375,0.4375,0.4375,0.4194,1.1436,0.4057,0.5405,0.5,-0.000496,0.005211,0.6,,
1,random_baseline,2,2026-09-24,2026-09-28,60,26,,0.5385,0.4762,0.5612,0.6,0.4286,0.5,0.5385,0.9542,0.3195,0.5833,0.5556,0.000478,,,,
1,random_baseline,mean,,,,,,,0.4214,0.5124,0.5188,0.433,0.4688,0.4789,1.0489,0.3626,,,,,,,
1,random_baseline,median,,,,,,,0.4214,0.5124,0.5188,0.433,0.4688,0.4789,1.0489,0.3626,,,,,,,
1,random_baseline,std,,,,,,,0.0547,0.0489,0.0812,0.0045,0.0312,0.0595,0.0947,0.0431,,,,,,,
1,random_baseline,worst,,,,,,,0.3667,0.4635,0.4375,0.4286,0.4375,0.4194,1.1436,0.4057,,,,,,,
1,random_baseline,pooled_oos,,,,57,,0.5263,0.4037,0.4897,0.5,0.5,0.5,0.4737,1.0573,0.3664,0.5263,0.5263,0.000478,0.005211,0.6,,
1,hsf_score_heuristic,1,2026-09-22,2026-09-23,37,31,,0.5161,0.3479,0.429,0.5217,0.75,0.6154,0.5161,0.7125,0.2595,0.5405,0.4,-0.001919,0.005177,0.5714,,
1,hsf_score_heuristic,2,2026-09-24,2026-09-28,60,26,,0.5385,0.4315,0.4823,0.5333,0.5714,0.5517,0.5,0.6997,0.253,0.5833,0.4444,-0.008047,,,,
1,hsf_score_heuristic,mean,,,,,,,0.3897,0.4556,0.5275,0.6607,0.5836,0.5081,0.7061,0.2562,,,,,,,
1,hsf_score_heuristic,median,,,,,,,0.3897,0.4556,0.5275,0.6607,0.5836,0.5081,0.7061,0.2562,,,,,,,
1,hsf_score_heuristic,std,,,,,,,0.0418,0.0267,0.0058,0.0893,0.0318,0.0081,0.0064,0.0033,,,,,,,
1,hsf_score_heuristic,worst,,,,,,,0.3479,0.429,0.5217,0.5714,0.5517,0.5,0.7125,0.2595,,,,,,,
1,hsf_score_heuristic,pooled_oos,,,,57,,0.5263,0.4543,0.4842,0.5208,0.8333,0.641,0.5088,0.7067,0.2565,0.5263,0.4211,-0.001947,0.005177,0.5714,,
1,prebreakout_production_as_served,1,2026-09-22,2026-09-23,3,0,too few scorable rows or one class in training,,,,,,,,,,,,,,,,
1,prebreakout_production_as_served,2,2026-09-24,2026-09-28,3,0,too few scorable rows or one class in training,,,,,,,,,,,,,,,,
1,prebreakout_production_as_served,mean,,,,,,,,,,,,,,,,,,,,,
1,prebreakout_production_as_served,median,,,,,,,,,,,,,,,,,,,,,
1,prebreakout_production_as_served,std,,,,,,,,,,,,,,,,,,,,,
1,prebreakout_production_as_served,worst,,,,,,,,,,,,,,,,,,,,,
1,prebreakout_production_as_served,pooled_oos,,,,,,,,,,,,,,,,,,,,,
1,logistic_regression,1,2026-09-22,2026-09-23,37,31,,0.5161,0.3333,0.5425,0.4375,0.4375,0.4375,0.4194,1.0983,0.3912,0.5405,0.3,-0.004545,0.002579,0.5,,
1,logistic_regression,2,2026-09-24,2026-09-28,60,26,,0.5385,0.2679,0.4257,0.0,0.0,0.0,0.2692,1.6556,0.4893,0.5833,0.3333,-0.036391,,,,
1,logistic_regression,mean,,,,,,,0.3006,0.4841,0.2188,0.2188,0.2188,0.3443,1.3769,0.4403,,,,,,,
1,logistic_regression,median,,,,,,,0.3006,0.4841,0.2188,0.2188,0.2188,0.3443,1.3769,0.4403,,,,,,,
1,logistic_regression,std,,,,,,,0.0327,0.0584,0.2188,0.2188,0.2188,0.0751,0.2786,0.0491,,,,,,,
1,logistic_regression,worst,,,,,,,0.2679,0.4257,0.0,0.0,0.0,0.2692,1.6556,0.4893,,,,,,,
1,logistic_regression,pooled_oos,,,,57,,0.5263,0.3025,0.4843,0.36,0.3,0.3273,0.3509,1.3525,0.436,0.5263,0.3158,-0.007143,0.002579,0.5,,
1,xgb_retrained_production_features,1,2026-09-22,2026-09-23,37,31,,0.5161,0.5,0.5161,,0.0,,0.4839,0.6932,0.25,0.5405,0.3,-0.002124,0.005,0.6,,
1,xgb_retrained_production_features,2,2026-09-24,2026-09-28,60,26,,0.5385,0.5,0.5385,,0.0,,0.4615,0.6932,0.25,0.5833,0.5556,0.000478,,,,
1,xgb_retrained_production_features,mean,,,,,,,0.5,0.5273,,0.0,,0.4727,0.6932,0.25,,,,,,,
1,xgb_retrained_production_features,median,,,,,,,0.5,0.5273,,0.0,,0.4727,0.6932,0.25,,,,,,,
1,xgb_retrained_production_features,std,,,,,,,0.0,0.0112,,0.0,,0.0112,0.0,0.0,,,,,,,
1,xgb_retrained_production_features,worst,,,,,,,0.5,0.5161,,0.0,,0.4615,0.6932,0.25,,,,,,,
1,xgb_retrained_production_features,pooled_oos,,,,57,,0.5263,0.5111,0.532,0.5263,1.0,0.6897,0.5263,0.6932,0.25,0.5263,0.4211,-0.001947,0.005,0.6,,
1,xgb_leakage_safe_subset,1,2026-09-22,2026-09-23,37,31,,0.5161,0.5,0.5161,,0.0,,0.4839,0.6935,0.2502,0.5405,0.3,-0.002124,0.005,0.6,,
1,xgb_leakage_safe_subset,2,2026-09-24,2026-09-28,60,26,,0.5385,0.3363,0.4472,0.25,0.1429,0.1818,0.3077,0.7834,0.29,0.5833,0.2222,-0.040921,,,,
1,xgb_leakage_safe_subset,mean,,,,,,,0.4182,0.4817,0.25,0.0714,0.1818,0.3958,0.7385,0.2701,,,,,,,
1,xgb_leakage_safe_subset,median,,,,,,,0.4182,0.4817,0.25,0.0714,0.1818,0.3958,0.7385,0.2701,,,,,,,
1,xgb_leakage_safe_subset,std,,,,,,,0.0819,0.0345,0.0,0.0714,0.0,0.0881,0.0449,0.0199,,,,,,,
1,xgb_leakage_safe_subset,worst,,,,,,,0.3363,0.4472,0.25,0.0,0.1818,0.3077,0.7834,0.29,,,,,,,
1,xgb_leakage_safe_subset,pooled_oos,,,,57,,0.5263,0.4265,0.4719,0.5,0.7667,0.6053,0.4737,0.7345,0.2683,0.5263,0.2632,-0.007143,0.005,0.6,,
1,ai_confidence_production_pit,1,2026-09-22,2026-09-23,0,0,too few scorable rows or one class in training,,,,,,,,,,,,,,,,
1,ai_confidence_production_pit,2,2026-09-24,2026-09-28,0,8,too few scorable rows or one class in training,,,,,,,,,,,,,,,,
1,ai_confidence_production_pit,mean,,,,,,,,,,,,,,,,,,,,,
1,ai_confidence_production_pit,median,,,,,,,,,,,,,,,,,,,,,
1,ai_confidence_production_pit,std,,,,,,,,,,,,,,,,,,,,,
1,ai_confidence_production_pit,worst,,,,,,,,,,,,,,,,,,,,,
1,ai_confidence_production_pit,pooled_oos,,,,,,,,,,,,,,,,,,,,,
3,majority_baseline,1,2026-09-24,2026-09-28,37,26,,0.4615,0.5,0.4615,,0.0,,0.5385,0.6902,0.2485,0.4595,0.5556,0.012308,,,,
3,majority_baseline,mean,,,,,,,0.5,0.4615,,0.0,,0.5385,0.6902,0.2485,,,,,,,
3,majority_baseline,median,,,,,,,0.5,0.4615,,0.0,,0.5385,0.6902,0.2485,,,,,,,
3,majority_baseline,std,,,,,,,0.0,0.0,,0.0,,0.0,0.0,0.0,,,,,,,
3,majority_baseline,worst,,,,,,,0.5,0.4615,,0.0,,0.5385,0.6902,0.2485,,,,,,,
3,majority_baseline,pooled_oos,,,,26,,0.4615,0.5,0.4615,,0.0,,0.5385,0.6902,0.2485,0.4615,0.5556,0.012308,,,,
3,random_baseline,1,2026-09-24,2026-09-28,37,26,,0.4615,0.4643,0.5163,0.4444,0.6667,0.5333,0.4615,0.9197,0.3242,0.4595,0.3333,-0.001131,,,,
3,random_baseline,mean,,,,,,,0.4643,0.5163,0.4444,0.6667,0.5333,0.4615,0.9197,0.3242,,,,,,,
3,random_baseline,median,,,,,,,0.4643,0.5163,0.4444,0.6667,0.5333,0.4615,0.9197,0.3242,,,,,,,
3,random_baseline,std,,,,,,,0.0,0.0,0.0,0.0,0.0,0.0,0.0,0.0,,,,,,,
3,random_baseline,worst,,,,,,,0.4643,0.5163,0.4444,0.6667,0.5333,0.4615,0.9197,0.3242,,,,,,,
3,random_baseline,pooled_oos,,,,26,,0.4615,0.4643,0.5163,0.4444,0.6667,0.5333,0.4615,0.9197,0.3242,0.4615,0.3333,-0.001131,,,,
3,hsf_score_heuristic,1,2026-09-24,2026-09-28,37,26,,0.4615,0.4137,0.4197,0.4,0.5,0.4444,0.4231,0.7403,0.2706,0.4595,0.4444,-0.008734,,,,
3,hsf_score_heuristic,mean,,,,,,,0.4137,0.4197,0.4,0.5,0.4444,0.4231,0.7403,0.2706,,,,,,,
3,hsf_score_heuristic,median,,,,,,,0.4137,0.4197,0.4,0.5,0.4444,0.4231,0.7403,0.2706,,,,,,,
3,hsf_score_heuristic,std,,,,,,,0.0,0.0,0.0,0.0,0.0,0.0,0.0,0.0,,,,,,,
3,hsf_score_heuristic,worst,,,,,,,0.4137,0.4197,0.4,0.5,0.4444,0.4231,0.7403,0.2706,,,,,,,
3,hsf_score_heuristic,pooled_oos,,,,26,,0.4615,0.4137,0.4197,0.4,0.5,0.4444,0.4231,0.7403,0.2706,0.4615,0.4444,-0.008734,,,,
3,prebreakout_production_as_served,1,2026-09-24,2026-09-28,3,0,too few scorable rows or one class in training,,,,,,,,,,,,,,,,
3,prebreakout_production_as_served,mean,,,,,,,,,,,,,,,,,,,,,
3,prebreakout_production_as_served,median,,,,,,,,,,,,,,,,,,,,,
3,prebreakout_production_as_served,std,,,,,,,,,,,,,,,,,,,,,
3,prebreakout_production_as_served,worst,,,,,,,,,,,,,,,,,,,,,
3,prebreakout_production_as_served,pooled_oos,,,,,,,,,,,,,,,,,,,,,
3,logistic_regression,1,2026-09-24,2026-09-28,37,26,,0.4615,0.4702,0.4843,0.5,0.1667,0.25,0.5385,0.9631,0.3174,0.4595,0.4444,-0.001177,,,,
3,logistic_regression,mean,,,,,,,0.4702,0.4843,0.5,0.1667,0.25,0.5385,0.9631,0.3174,,,,,,,
3,logistic_regression,median,,,,,,,0.4702,0.4843,0.5,0.1667,0.25,0.5385,0.9631,0.3174,,,,,,,
3,logistic_regression,std,,,,,,,0.0,0.0,0.0,0.0,0.0,0.0,0.0,0.0,,,,,,,
3,logistic_regression,worst,,,,,,,0.4702,0.4843,0.5,0.1667,0.25,0.5385,0.9631,0.3174,,,,,,,
3,logistic_regression,pooled_oos,,,,26,,0.4615,0.4702,0.4843,0.6667,0.1667,0.2667,0.5769,0.9631,0.3174,0.4615,0.4444,-0.001177,,,,
3,xgb_retrained_production_features,1,2026-09-24,2026-09-28,37,26,,0.4615,0.5,0.4615,,0.0,,0.5385,0.6903,0.2486,0.4595,0.5556,0.012308,,,,
3,xgb_retrained_production_features,mean,,,,,,,0.5,0.4615,,0.0,,0.5385,0.6903,0.2486,,,,,,,
3,xgb_retrained_production_features,median,,,,,,,0.5,0.4615,,0.0,,0.5385,0.6903,0.2486,,,,,,,
3,xgb_retrained_production_features,std,,,,,,,0.0,0.0,,0.0,,0.0,0.0,0.0,,,,,,,
3,xgb_retrained_production_features,worst,,,,,,,0.5,0.4615,,0.0,,0.5385,0.6903,0.2486,,,,,,,
3,xgb_retrained_production_features,pooled_oos,,,,26,,0.4615,0.5,0.4615,,0.0,,0.5385,0.6903,0.2486,0.4615,0.5556,0.012308,,,,
3,xgb_leakage_safe_subset,1,2026-09-24,2026-09-28,37,26,,0.4615,0.5,0.4615,0.4615,1.0,0.6316,0.4615,0.6902,0.2485,0.4595,0.5556,0.012308,,,,
3,xgb_leakage_safe_subset,mean,,,,,,,0.5,0.4615,0.4615,1.0,0.6316,0.4615,0.6902,0.2485,,,,,,,
3,xgb_leakage_safe_subset,median,,,,,,,0.5,0.4615,0.4615,1.0,0.6316,0.4615,0.6902,0.2485,,,,,,,
3,xgb_leakage_safe_subset,std,,,,,,,0.0,0.0,0.0,0.0,0.0,0.0,0.0,0.0,,,,,,,
3,xgb_leakage_safe_subset,worst,,,,,,,0.5,0.4615,0.4615,1.0,0.6316,0.4615,0.6902,0.2485,,,,,,,
3,xgb_leakage_safe_subset,pooled_oos,,,,26,,0.4615,0.5,0.4615,,0.0,,0.5385,0.6902,0.2485,0.4615,0.5556,0.012308,,,,
3,ai_confidence_production_pit,1,2026-09-24,2026-09-28,0,8,too few scorable rows or one class in training,,,,,,,,,,,,,,,,
3,ai_confidence_production_pit,mean,,,,,,,,,,,,,,,,,,,,,
3,ai_confidence_production_pit,median,,,,,,,,,,,,,,,,,,,,,
3,ai_confidence_production_pit,std,,,,,,,,,,,,,,,,,,,,,
3,ai_confidence_production_pit,worst,,,,,,,,,,,,,,,,,,,,,
3,ai_confidence_production_pit,pooled_oos,,,,,,,,,,,,,,,,,,,,,
5,majority_baseline,1,2026-09-28,2026-09-30,37,25,,0.6,0.5,0.6,,0.0,,0.4,0.674,0.2405,0.6216,0.875,0.095891,,,0.111641,-0.017045
5,majority_baseline,mean,,,,,,,0.5,0.6,,0.0,,0.4,0.674,0.2405,,,,,,,
5,majority_baseline,median,,,,,,,0.5,0.6,,0.0,,0.4,0.674,0.2405,,,,,,,
5,majority_baseline,std,,,,,,,0.0,0.0,,0.0,,0.0,0.0,0.0,,,,,,,
5,majority_baseline,worst,,,,,,,0.5,0.6,,0.0,,0.4,0.674,0.2405,,,,,,,
5,majority_baseline,pooled_oos,,,,25,,0.6,0.5,0.6,0.6,1.0,0.75,0.6,0.674,0.2405,0.6,0.875,0.095891,,,0.111641,-0.017045
5,random_baseline,1,2026-09-28,2026-09-30,37,25,,0.6,0.4667,0.5829,0.5556,0.3333,0.4167,0.44,1.291,0.3879,0.6216,0.5,0.006689,0.053194,1.0,0.077505,-0.084371
5,random_baseline,mean,,,,,,,0.4667,0.5829,0.5556,0.3333,0.4167,0.44,1.291,0.3879,,,,,,,
5,random_baseline,median,,,,,,,0.4667,0.5829,0.5556,0.3333,0.4167,0.44,1.291,0.3879,,,,,,,
5,random_baseline,std,,,,,,,0.0,0.0,0.0,0.0,0.0,0.0,0.0,0.0,,,,,,,
5,random_baseline,worst,,,,,,,0.4667,0.5829,0.5556,0.3333,0.4167,0.44,1.291,0.3879,,,,,,,
5,random_baseline,pooled_oos,,,,25,,0.6,0.4667,0.5829,0.5,0.3333,0.4,0.4,1.291,0.3879,0.6,0.5,0.006689,0.053194,1.0,0.077505,-0.084371
5,hsf_score_heuristic,1,2026-09-28,2026-09-30,37,25,,0.6,0.5067,0.6212,0.75,0.4,0.5217,0.56,0.6802,0.2434,0.6216,0.75,0.078995,-0.026735,0.0,0.111641,-0.019085
5,hsf_score_heuristic,mean,,,,,,,0.5067,0.6212,0.75,0.4,0.5217,0.56,0.6802,0.2434,,,,,,,
5,hsf_score_heuristic,median,,,,,,,0.5067,0.6212,0.75,0.4,0.5217,0.56,0.6802,0.2434,,,,,,,
5,hsf_score_heuristic,std,,,,,,,0.0,0.0,0.0,0.0,0.0,0.0,0.0,0.0,,,,,,,
5,hsf_score_heuristic,worst,,,,,,,0.5067,0.6212,0.75,0.4,0.5217,0.56,0.6802,0.2434,,,,,,,
5,hsf_score_heuristic,pooled_oos,,,,25,,0.6,0.5067,0.6212,0.5625,0.6,0.5806,0.48,0.6802,0.2434,0.6,0.75,0.078995,-0.026735,0.0,0.111641,-0.019085
5,prebreakout_production_as_served,1,2026-09-28,2026-09-30,3,0,too few scorable rows or one class in training,,,,,,,,,,,,,,,,
5,prebreakout_production_as_served,mean,,,,,,,,,,,,,,,,,,,,,
5,prebreakout_production_as_served,median,,,,,,,,,,,,,,,,,,,,,
5,prebreakout_production_as_served,std,,,,,,,,,,,,,,,,,,,,,
5,prebreakout_production_as_served,worst,,,,,,,,,,,,,,,,,,,,,
5,prebreakout_production_as_served,pooled_oos,,,,,,,,,,,,,,,,,,,,,
5,logistic_regression,1,2026-09-28,2026-09-30,37,25,,0.6,0.4933,0.6087,0.625,0.6667,0.6452,0.56,0.835,0.3015,0.6216,0.5,0.006689,,,0.111641,-0.05784
5,logistic_regression,mean,,,,,,,0.4933,0.6087,0.625,0.6667,0.6452,0.56,0.835,0.3015,,,,,,,
5,logistic_regression,median,,,,,,,0.4933,0.6087,0.625,0.6667,0.6452,0.56,0.835,0.3015,,,,,,,
5,logistic_regression,std,,,,,,,0.0,0.0,0.0,0.0,0.0,0.0,0.0,0.0,,,,,,,
5,logistic_regression,worst,,,,,,,0.4933,0.6087,0.625,0.6667,0.6452,0.56,0.835,0.3015,,,,,,,
5,logistic_regression,pooled_oos,,,,25,,0.6,0.4933,0.6087,0.625,0.6667,0.6452,0.56,0.835,0.3015,0.6,0.5,0.006689,,,0.111641,-0.05784
5,xgb_retrained_production_features,1,2026-09-28,2026-09-30,37,25,,0.6,0.5,0.6,,0.0,,0.4,0.6735,0.2402,0.6216,0.875,0.095891,,,0.111641,-0.017045
5,xgb_retrained_production_features,mean,,,,,,,0.5,0.6,,0.0,,0.4,0.6735,0.2402,,,,,,,
5,xgb_retrained_production_features,median,,,,,,,0.5,0.6,,0.0,,0.4,0.6735,0.2402,,,,,,,
5,xgb_retrained_production_features,std,,,,,,,0.0,0.0,,0.0,,0.0,0.0,0.0,,,,,,,
5,xgb_retrained_production_features,worst,,,,,,,0.5,0.6,,0.0,,0.4,0.6735,0.2402,,,,,,,
5,xgb_retrained_production_features,pooled_oos,,,,25,,0.6,0.5,0.6,0.6,1.0,0.75,0.6,0.6735,0.2402,0.6,0.875,0.095891,,,0.111641,-0.017045
5,xgb_leakage_safe_subset,1,2026-09-28,2026-09-30,37,25,,0.6,0.5,0.6,0.6,1.0,0.75,0.6,0.6741,0.2405,0.6216,0.875,0.095891,,,0.111641,-0.017045
5,xgb_leakage_safe_subset,mean,,,,,,,0.5,0.6,0.6,1.0,0.75,0.6,0.6741,0.2405,,,,,,,
5,xgb_leakage_safe_subset,median,,,,,,,0.5,0.6,0.6,1.0,0.75,0.6,0.6741,0.2405,,,,,,,
5,xgb_leakage_safe_subset,std,,,,,,,0.0,0.0,0.0,0.0,0.0,0.0,0.0,0.0,,,,,,,
5,xgb_leakage_safe_subset,worst,,,,,,,0.5,0.6,0.6,1.0,0.75,0.6,0.6741,0.2405,,,,,,,
5,xgb_leakage_safe_subset,pooled_oos,,,,25,,0.6,0.5,0.6,0.6,1.0,0.75,0.6,0.6741,0.2405,0.6,0.875,0.095891,,,0.111641,-0.017045
5,ai_confidence_production_pit,1,2026-09-28,2026-09-30,0,23,too few scorable rows or one class in training,,,,,,,,,,,,,,,,
5,ai_confidence_production_pit,mean,,,,,,,,,,,,,,,,,,,,,
5,ai_confidence_production_pit,median,,,,,,,,,,,,,,,,,,,,,
5,ai_confidence_production_pit,std,,,,,,,,,,,,,,,,,,,,,
5,ai_confidence_production_pit,worst,,,,,,,,,,,,,,,,,,,,,
5,ai_confidence_production_pit,pooled_oos,,,,,,,,,,,,,,,,,,,,,
