model,method,bin,n,mean_predicted,observed_rate,brier,ece
majority_baseline,raw (pooled walk-forward),ALL,,,,0.2405,0.0216
majority_baseline,raw (pooled walk-forward),0.0-0.1,0,,,,
majority_baseline,raw (pooled walk-forward),0.1-0.2,0,,,,
majority_baseline,raw (pooled walk-forward),0.2-0.3,0,,,,
majority_baseline,raw (pooled walk-forward),0.3-0.4,0,,,,
majority_baseline,raw (pooled walk-forward),0.4-0.5,0,,,,
majority_baseline,raw (pooled walk-forward),0.5-0.6,0,,,,
majority_baseline,raw (pooled walk-forward),0.6-0.7,25,0.6216,0.6,,
majority_baseline,raw (pooled walk-forward),0.7-0.8,0,,,,
majority_baseline,raw (pooled walk-forward),0.8-0.9,0,,,,
majority_baseline,raw (pooled walk-forward),0.9-1.0,0,,,,
random_baseline,raw (pooled walk-forward),ALL,,,,0.3879,0.4138
random_baseline,raw (pooled walk-forward),0.0-0.1,3,0.0297,0.3333,,
random_baseline,raw (pooled walk-forward),0.1-0.2,5,0.1453,0.6,,
random_baseline,raw (pooled walk-forward),0.2-0.3,0,,,,
random_baseline,raw (pooled walk-forward),0.3-0.4,2,0.3216,1.0,,
random_baseline,raw (pooled walk-forward),0.4-0.5,3,0.4555,1.0,,
random_baseline,raw (pooled walk-forward),0.5-0.6,2,0.5643,0.5,,
random_baseline,raw (pooled walk-forward),0.6-0.7,2,0.629,0.5,,
random_baseline,raw (pooled walk-forward),0.7-0.8,1,0.7498,1.0,,
random_baseline,raw (pooled walk-forward),0.8-0.9,2,0.8672,0.5,,
random_baseline,raw (pooled walk-forward),0.9-1.0,5,0.9596,0.4,,
hsf_score_heuristic,raw (pooled walk-forward),ALL,,,,0.2434,0.1388
hsf_score_heuristic,raw (pooled walk-forward),0.0-0.1,0,,,,
hsf_score_heuristic,raw (pooled walk-forward),0.1-0.2,0,,,,
hsf_score_heuristic,raw (pooled walk-forward),0.2-0.3,0,,,,
hsf_score_heuristic,raw (pooled walk-forward),0.3-0.4,1,0.362,1.0,,
hsf_score_heuristic,raw (pooled walk-forward),0.4-0.5,5,0.4626,0.4,,
hsf_score_heuristic,raw (pooled walk-forward),0.5-0.6,3,0.5418,1.0,,
hsf_score_heuristic,raw (pooled walk-forward),0.6-0.7,16,0.634,0.5625,,
hsf_score_heuristic,raw (pooled walk-forward),0.7-0.8,0,,,,
hsf_score_heuristic,raw (pooled walk-forward),0.8-0.9,0,,,,
hsf_score_heuristic,raw (pooled walk-forward),0.9-1.0,0,,,,
logistic_regression,raw (pooled walk-forward),ALL,,,,0.3015,0.3287
logistic_regression,raw (pooled walk-forward),0.0-0.1,3,0.0583,0.3333,,
logistic_regression,raw (pooled walk-forward),0.1-0.2,2,0.1517,0.5,,
logistic_regression,raw (pooled walk-forward),0.2-0.3,0,,,,
logistic_regression,raw (pooled walk-forward),0.3-0.4,3,0.3574,1.0,,
logistic_regression,raw (pooled walk-forward),0.4-0.5,0,,,,
logistic_regression,raw (pooled walk-forward),0.5-0.6,1,0.5416,0.0,,
logistic_regression,raw (pooled walk-forward),0.6-0.7,3,0.6709,1.0,,
logistic_regression,raw (pooled walk-forward),0.7-0.8,6,0.752,0.5,,
logistic_regression,raw (pooled walk-forward),0.8-0.9,7,0.8183,0.5714,,
logistic_regression,raw (pooled walk-forward),0.9-1.0,0,,,,
xgb_retrained_production_features,raw (pooled walk-forward),ALL,,,,0.2402,0.0153
xgb_retrained_production_features,raw (pooled walk-forward),0.0-0.1,0,,,,
xgb_retrained_production_features,raw (pooled walk-forward),0.1-0.2,0,,,,
xgb_retrained_production_features,raw (pooled walk-forward),0.2-0.3,0,,,,
xgb_retrained_production_features,raw (pooled walk-forward),0.3-0.4,0,,,,
xgb_retrained_production_features,raw (pooled walk-forward),0.4-0.5,0,,,,
xgb_retrained_production_features,raw (pooled walk-forward),0.5-0.6,0,,,,
xgb_retrained_production_features,raw (pooled walk-forward),0.6-0.7,25,0.6153,0.6,,
xgb_retrained_production_features,raw (pooled walk-forward),0.7-0.8,0,,,,
xgb_retrained_production_features,raw (pooled walk-forward),0.8-0.9,0,,,,
xgb_retrained_production_features,raw (pooled walk-forward),0.9-1.0,0,,,,
xgb_leakage_safe_subset,raw (pooled walk-forward),ALL,,,,0.2405,0.0228
xgb_leakage_safe_subset,raw (pooled walk-forward),0.0-0.1,0,,,,
xgb_leakage_safe_subset,raw (pooled walk-forward),0.1-0.2,0,,,,
xgb_leakage_safe_subset,raw (pooled walk-forward),0.2-0.3,0,,,,
xgb_leakage_safe_subset,raw (pooled walk-forward),0.3-0.4,0,,,,
xgb_leakage_safe_subset,raw (pooled walk-forward),0.4-0.5,0,,,,
xgb_leakage_safe_subset,raw (pooled walk-forward),0.5-0.6,0,,,,
xgb_leakage_safe_subset,raw (pooled walk-forward),0.6-0.7,25,0.6228,0.6,,
xgb_leakage_safe_subset,raw (pooled walk-forward),0.7-0.8,0,,,,
xgb_leakage_safe_subset,raw (pooled walk-forward),0.8-0.9,0,,,,
xgb_leakage_safe_subset,raw (pooled walk-forward),0.9-1.0,0,,,,
