horizon,model,n,folds,roc_auc,roc_auc_ci95,fold_auc_mean,fold_auc_std,fold_auc_worst,pr_auc,precision,recall,f1,brier,win_rate,median_return,median_excess_return,benchmark_beat_rate,median_mfe,median_mae,stability
1d,majority_baseline,57,2,0.5111,"{""high"": 0.6293, ""low"": 0.35, ""method"": ""entry-day block bootstrap, 1000 resamples""}",0.5,0.0,0.5,0.532,0.5263,1.0,0.6897,0.2504,0.4211,-0.001947,0.005,0.6,,,INSUFFICIENT (fewer than 3 evaluable periods)
3d,majority_baseline,26,1,0.5,"{""high"": 0.5, ""low"": 0.5, ""method"": ""entry-day block bootstrap, 1000 resamples""}",0.5,0.0,0.5,0.4615,,0.0,,0.2485,0.5556,0.012308,,,,,INSUFFICIENT (fewer than 3 evaluable periods)
5d,majority_baseline,25,1,0.5,"{""high"": 0.5, ""low"": 0.5, ""method"": ""entry-day block bootstrap, 1000 resamples""}",0.5,0.0,0.5,0.6,0.6,1.0,0.75,0.2405,0.875,0.095891,,,0.111641,-0.017045,INSUFFICIENT (fewer than 3 evaluable periods)
10-bar,majority_baseline,0,,,,,,,,,,,,,,,,,,NOT AVAILABLE (no outcome exists)
15-bar,majority_baseline,0,,,,,,,,,,,,,,,,,,NOT AVAILABLE (no outcome exists)
20-bar,majority_baseline,0,,,,,,,,,,,,,,,,,,NOT AVAILABLE (no outcome exists)
1d,random_baseline,57,2,0.4037,"{""high"": 0.5, ""low"": 0.2197, ""method"": ""entry-day block bootstrap, 1000 resamples""}",0.4214,0.0547,0.3667,0.4897,0.5,0.5,0.5,0.3664,0.5263,0.000478,0.005211,0.6,,,INSUFFICIENT (fewer than 3 evaluable periods)
3d,random_baseline,26,1,0.4643,"{""high"": 0.7143, ""low"": 0.35, ""method"": ""entry-day block bootstrap, 1000 resamples""}",0.4643,0.0,0.4643,0.5163,0.4444,0.6667,0.5333,0.3242,0.3333,-0.001131,,,,,INSUFFICIENT (fewer than 3 evaluable periods)
5d,random_baseline,25,1,0.4667,"{""high"": 0.6424, ""low"": 0.0, ""method"": ""entry-day block bootstrap, 1000 resamples""}",0.4667,0.0,0.4667,0.5829,0.5,0.3333,0.4,0.3879,0.5,0.006689,0.053194,1.0,0.077505,-0.084371,INSUFFICIENT (fewer than 3 evaluable periods)
10-bar,random_baseline,0,,,,,,,,,,,,,,,,,,NOT AVAILABLE (no outcome exists)
15-bar,random_baseline,0,,,,,,,,,,,,,,,,,,NOT AVAILABLE (no outcome exists)
20-bar,random_baseline,0,,,,,,,,,,,,,,,,,,NOT AVAILABLE (no outcome exists)
1d,hsf_score_heuristic,57,2,0.4543,"{""high"": 0.5123, ""low"": 0.3281, ""method"": ""entry-day block bootstrap, 1000 resamples""}",0.3897,0.0418,0.3479,0.4842,0.5208,0.8333,0.641,0.2565,0.4211,-0.001947,0.005177,0.5714,,,INSUFFICIENT (fewer than 3 evaluable periods)
3d,hsf_score_heuristic,26,1,0.4137,"{""high"": 0.5357, ""low"": 0.25, ""method"": ""entry-day block bootstrap, 1000 resamples""}",0.4137,0.0,0.4137,0.4197,0.4,0.5,0.4444,0.2706,0.4444,-0.008734,,,,,INSUFFICIENT (fewer than 3 evaluable periods)
5d,hsf_score_heuristic,25,1,0.5067,"{""high"": 0.5833, ""low"": 0.0714, ""method"": ""entry-day block bootstrap, 1000 resamples""}",0.5067,0.0,0.5067,0.6212,0.5625,0.6,0.5806,0.2434,0.75,0.078995,-0.026735,0.0,0.111641,-0.019085,INSUFFICIENT (fewer than 3 evaluable periods)
10-bar,hsf_score_heuristic,0,,,,,,,,,,,,,,,,,,NOT AVAILABLE (no outcome exists)
15-bar,hsf_score_heuristic,0,,,,,,,,,,,,,,,,,,NOT AVAILABLE (no outcome exists)
20-bar,hsf_score_heuristic,0,,,,,,,,,,,,,,,,,,NOT AVAILABLE (no outcome exists)
1d,prebreakout_production_as_served,,0,,,,,,,,,,,,,,,,,INSUFFICIENT (fewer than 3 evaluable periods)
3d,prebreakout_production_as_served,,0,,,,,,,,,,,,,,,,,INSUFFICIENT (fewer than 3 evaluable periods)
5d,prebreakout_production_as_served,,0,,,,,,,,,,,,,,,,,INSUFFICIENT (fewer than 3 evaluable periods)
10-bar,prebreakout_production_as_served,0,,,,,,,,,,,,,,,,,,NOT AVAILABLE (no outcome exists)
15-bar,prebreakout_production_as_served,0,,,,,,,,,,,,,,,,,,NOT AVAILABLE (no outcome exists)
20-bar,prebreakout_production_as_served,0,,,,,,,,,,,,,,,,,,NOT AVAILABLE (no outcome exists)
1d,logistic_regression,57,2,0.3025,"{""high"": 0.362, ""low"": 0.26, ""method"": ""entry-day block bootstrap, 1000 resamples""}",0.3006,0.0327,0.2679,0.4843,0.36,0.3,0.3273,0.436,0.3158,-0.007143,0.002579,0.5,,,INSUFFICIENT (fewer than 3 evaluable periods)
3d,logistic_regression,26,1,0.4702,"{""high"": 0.65, ""low"": 0.2143, ""method"": ""entry-day block bootstrap, 1000 resamples""}",0.4702,0.0,0.4702,0.4843,0.6667,0.1667,0.2667,0.3174,0.4444,-0.001177,,,,,INSUFFICIENT (fewer than 3 evaluable periods)
5d,logistic_regression,25,1,0.4933,"{""high"": 0.5833, ""low"": 0.0, ""method"": ""entry-day block bootstrap, 1000 resamples""}",0.4933,0.0,0.4933,0.6087,0.625,0.6667,0.6452,0.3015,0.5,0.006689,,,0.111641,-0.05784,INSUFFICIENT (fewer than 3 evaluable periods)
10-bar,logistic_regression,0,,,,,,,,,,,,,,,,,,NOT AVAILABLE (no outcome exists)
15-bar,logistic_regression,0,,,,,,,,,,,,,,,,,,NOT AVAILABLE (no outcome exists)
20-bar,logistic_regression,0,,,,,,,,,,,,,,,,,,NOT AVAILABLE (no outcome exists)
1d,xgb_retrained_production_features,57,2,0.5111,"{""high"": 0.6293, ""low"": 0.35, ""method"": ""entry-day block bootstrap, 1000 resamples""}",0.5,0.0,0.5,0.532,0.5263,1.0,0.6897,0.25,0.4211,-0.001947,0.005,0.6,,,INSUFFICIENT (fewer than 3 evaluable periods)
3d,xgb_retrained_production_features,26,1,0.5,"{""high"": 0.5, ""low"": 0.5, ""method"": ""entry-day block bootstrap, 1000 resamples""}",0.5,0.0,0.5,0.4615,,0.0,,0.2486,0.5556,0.012308,,,,,INSUFFICIENT (fewer than 3 evaluable periods)
5d,xgb_retrained_production_features,25,1,0.5,"{""high"": 0.5, ""low"": 0.5, ""method"": ""entry-day block bootstrap, 1000 resamples""}",0.5,0.0,0.5,0.6,0.6,1.0,0.75,0.2402,0.875,0.095891,,,0.111641,-0.017045,INSUFFICIENT (fewer than 3 evaluable periods)
10-bar,xgb_retrained_production_features,0,,,,,,,,,,,,,,,,,,NOT AVAILABLE (no outcome exists)
15-bar,xgb_retrained_production_features,0,,,,,,,,,,,,,,,,,,NOT AVAILABLE (no outcome exists)
20-bar,xgb_retrained_production_features,0,,,,,,,,,,,,,,,,,,NOT AVAILABLE (no outcome exists)
1d,xgb_leakage_safe_subset,57,2,0.4265,"{""high"": 0.5286, ""low"": 0.343, ""method"": ""entry-day block bootstrap, 1000 resamples""}",0.4182,0.0819,0.3363,0.4719,0.5,0.7667,0.6053,0.2683,0.2632,-0.007143,0.005,0.6,,,INSUFFICIENT (fewer than 3 evaluable periods)
3d,xgb_leakage_safe_subset,26,1,0.5,"{""high"": 0.5, ""low"": 0.5, ""method"": ""entry-day block bootstrap, 1000 resamples""}",0.5,0.0,0.5,0.4615,,0.0,,0.2485,0.5556,0.012308,,,,,INSUFFICIENT (fewer than 3 evaluable periods)
5d,xgb_leakage_safe_subset,25,1,0.5,"{""high"": 0.5, ""low"": 0.5, ""method"": ""entry-day block bootstrap, 1000 resamples""}",0.5,0.0,0.5,0.6,0.6,1.0,0.75,0.2405,0.875,0.095891,,,0.111641,-0.017045,INSUFFICIENT (fewer than 3 evaluable periods)
10-bar,xgb_leakage_safe_subset,0,,,,,,,,,,,,,,,,,,NOT AVAILABLE (no outcome exists)
15-bar,xgb_leakage_safe_subset,0,,,,,,,,,,,,,,,,,,NOT AVAILABLE (no outcome exists)
20-bar,xgb_leakage_safe_subset,0,,,,,,,,,,,,,,,,,,NOT AVAILABLE (no outcome exists)
1d,ai_confidence_production_pit,,0,,,,,,,,,,,,,,,,,INSUFFICIENT (fewer than 3 evaluable periods)
3d,ai_confidence_production_pit,,0,,,,,,,,,,,,,,,,,INSUFFICIENT (fewer than 3 evaluable periods)
5d,ai_confidence_production_pit,,0,,,,,,,,,,,,,,,,,INSUFFICIENT (fewer than 3 evaluable periods)
10-bar,ai_confidence_production_pit,0,,,,,,,,,,,,,,,,,,NOT AVAILABLE (no outcome exists)
15-bar,ai_confidence_production_pit,0,,,,,,,,,,,,,,,,,,NOT AVAILABLE (no outcome exists)
20-bar,ai_confidence_production_pit,0,,,,,,,,,,,,,,,,,,NOT AVAILABLE (no outcome exists)
