horizon,bucket,sample_size,matured_count,win_rate,win_rate_ci95,median_return,average_return,median_benchmark_return,median_excess_return,average_excess_return,benchmark_beat_rate,benchmark_count,median_mfe,median_mae,mfe_count,evidence_quality,monotonicity,inversions,spearman_score_vs_return
1,0-49,63,63,0.5714,"{""high"": 0.686031, ""low"": 0.448616}",0.001917,0.005009,-0.001337,0.006855,0.008692,0.675,40,,,0,MODERATE,"{""benchmark_beat_rate"": false, ""median_excess_return"": false, ""median_mfe"": null, ""median_return"": false, ""win_rate"": false}","[""win_rate: 50-59 (0.6667) > 60-69 (0.5789)"", ""win_rate: 60-69 (0.5789) > 70-79 (0.3684)"", ""median_return: 50-59 (0.018492) > 60-69 (0.000761)"", ""median_return: 60-69 (0.000761) > 70-79 (-0.006679)"", ""median_excess_return: 0-49 (0.006855) > 60-69 (-0.007819)"", ""benchmark_beat_rate: 0-49 (0.675) > 60-69 (0.4667)"", ""benchmark_beat_rate: 60-69 (0.4667) > 70-79 (0.4)""]","{""n"": 134, ""p_value"": 0.5398, ""rho"": -0.0534}"
1,50-59,18,18,0.6667,"{""high"": 0.837212, ""low"": 0.437495}",0.018492,0.015199,-0.004449,-0.006224,-0.00383,0.375,8,,,0,LIMITED,"{""benchmark_beat_rate"": false, ""median_excess_return"": false, ""median_mfe"": null, ""median_return"": false, ""win_rate"": false}","[""win_rate: 50-59 (0.6667) > 60-69 (0.5789)"", ""win_rate: 60-69 (0.5789) > 70-79 (0.3684)"", ""median_return: 50-59 (0.018492) > 60-69 (0.000761)"", ""median_return: 60-69 (0.000761) > 70-79 (-0.006679)"", ""median_excess_return: 0-49 (0.006855) > 60-69 (-0.007819)"", ""benchmark_beat_rate: 0-49 (0.675) > 60-69 (0.4667)"", ""benchmark_beat_rate: 60-69 (0.4667) > 70-79 (0.4)""]","{""n"": 134, ""p_value"": 0.5398, ""rho"": -0.0534}"
1,60-69,19,19,0.5789,"{""high"": 0.768581, ""low"": 0.362759}",0.000761,0.006145,0.015625,-0.007819,0.002668,0.4667,15,,,0,LIMITED,"{""benchmark_beat_rate"": false, ""median_excess_return"": false, ""median_mfe"": null, ""median_return"": false, ""win_rate"": false}","[""win_rate: 50-59 (0.6667) > 60-69 (0.5789)"", ""win_rate: 60-69 (0.5789) > 70-79 (0.3684)"", ""median_return: 50-59 (0.018492) > 60-69 (0.000761)"", ""median_return: 60-69 (0.000761) > 70-79 (-0.006679)"", ""median_excess_return: 0-49 (0.006855) > 60-69 (-0.007819)"", ""benchmark_beat_rate: 0-49 (0.675) > 60-69 (0.4667)"", ""benchmark_beat_rate: 60-69 (0.4667) > 70-79 (0.4)""]","{""n"": 134, ""p_value"": 0.5398, ""rho"": -0.0534}"
1,70-79,19,19,0.3684,"{""high"": 0.589605, ""low"": 0.191495}",-0.006679,-0.008184,-0.00423,-0.003125,0.005954,0.4,10,,,0,LIMITED,"{""benchmark_beat_rate"": false, ""median_excess_return"": false, ""median_mfe"": null, ""median_return"": false, ""win_rate"": false}","[""win_rate: 50-59 (0.6667) > 60-69 (0.5789)"", ""win_rate: 60-69 (0.5789) > 70-79 (0.3684)"", ""median_return: 50-59 (0.018492) > 60-69 (0.000761)"", ""median_return: 60-69 (0.000761) > 70-79 (-0.006679)"", ""median_excess_return: 0-49 (0.006855) > 60-69 (-0.007819)"", ""benchmark_beat_rate: 0-49 (0.675) > 60-69 (0.4667)"", ""benchmark_beat_rate: 60-69 (0.4667) > 70-79 (0.4)""]","{""n"": 134, ""p_value"": 0.5398, ""rho"": -0.0534}"
1,80-89,14,14,0.5,"{""high"": 0.732008, ""low"": 0.267992}",-0.000488,0.00287,-0.007124,0.002253,0.00136,0.5714,7,,,0,LIMITED,"{""benchmark_beat_rate"": false, ""median_excess_return"": false, ""median_mfe"": null, ""median_return"": false, ""win_rate"": false}","[""win_rate: 50-59 (0.6667) > 60-69 (0.5789)"", ""win_rate: 60-69 (0.5789) > 70-79 (0.3684)"", ""median_return: 50-59 (0.018492) > 60-69 (0.000761)"", ""median_return: 60-69 (0.000761) > 70-79 (-0.006679)"", ""median_excess_return: 0-49 (0.006855) > 60-69 (-0.007819)"", ""benchmark_beat_rate: 0-49 (0.675) > 60-69 (0.4667)"", ""benchmark_beat_rate: 60-69 (0.4667) > 70-79 (0.4)""]","{""n"": 134, ""p_value"": 0.5398, ""rho"": -0.0534}"
1,90-100,1,1,1.0,"{""high"": 1.0, ""low"": 0.206549}",0.15844,0.15844,0.002309,0.156131,0.156131,1.0,1,,,0,INSUFFICIENT,"{""benchmark_beat_rate"": false, ""median_excess_return"": false, ""median_mfe"": null, ""median_return"": false, ""win_rate"": false}","[""win_rate: 50-59 (0.6667) > 60-69 (0.5789)"", ""win_rate: 60-69 (0.5789) > 70-79 (0.3684)"", ""median_return: 50-59 (0.018492) > 60-69 (0.000761)"", ""median_return: 60-69 (0.000761) > 70-79 (-0.006679)"", ""median_excess_return: 0-49 (0.006855) > 60-69 (-0.007819)"", ""benchmark_beat_rate: 0-49 (0.675) > 60-69 (0.4667)"", ""benchmark_beat_rate: 60-69 (0.4667) > 70-79 (0.4)""]","{""n"": 134, ""p_value"": 0.5398, ""rho"": -0.0534}"
3,0-49,63,63,0.5397,"{""high"": 0.656911, ""low"": 0.417893}",0.001091,0.013338,0.008285,-0.001761,0.010811,0.475,40,,,0,MODERATE,"{""benchmark_beat_rate"": false, ""median_excess_return"": false, ""median_mfe"": null, ""median_return"": false, ""win_rate"": false}","[""win_rate: 50-59 (0.7222) > 60-69 (0.5263)"", ""win_rate: 60-69 (0.5263) > 70-79 (0.3684)"", ""median_return: 50-59 (0.03051) > 60-69 (0.007553)"", ""median_return: 60-69 (0.007553) > 70-79 (-0.009615)"", ""median_excess_return: 0-49 (-0.001761) > 60-69 (-0.017876)"", ""benchmark_beat_rate: 0-49 (0.475) > 60-69 (0.4)""]","{""n"": 134, ""p_value"": 0.7856, ""rho"": -0.0237}"
3,50-59,18,18,0.7222,"{""high"": 0.875002, ""low"": 0.491273}",0.03051,0.054921,0.005545,0.002368,0.002064,0.5,8,,,0,LIMITED,"{""benchmark_beat_rate"": false, ""median_excess_return"": false, ""median_mfe"": null, ""median_return"": false, ""win_rate"": false}","[""win_rate: 50-59 (0.7222) > 60-69 (0.5263)"", ""win_rate: 60-69 (0.5263) > 70-79 (0.3684)"", ""median_return: 50-59 (0.03051) > 60-69 (0.007553)"", ""median_return: 60-69 (0.007553) > 70-79 (-0.009615)"", ""median_excess_return: 0-49 (-0.001761) > 60-69 (-0.017876)"", ""benchmark_beat_rate: 0-49 (0.475) > 60-69 (0.4)""]","{""n"": 134, ""p_value"": 0.7856, ""rho"": -0.0237}"
3,60-69,19,19,0.5263,"{""high"": 0.726702, ""low"": 0.317078}",0.007553,0.014227,0.008285,-0.017876,-0.000559,0.4,15,,,0,LIMITED,"{""benchmark_beat_rate"": false, ""median_excess_return"": false, ""median_mfe"": null, ""median_return"": false, ""win_rate"": false}","[""win_rate: 50-59 (0.7222) > 60-69 (0.5263)"", ""win_rate: 60-69 (0.5263) > 70-79 (0.3684)"", ""median_return: 50-59 (0.03051) > 60-69 (0.007553)"", ""median_return: 60-69 (0.007553) > 70-79 (-0.009615)"", ""median_excess_return: 0-49 (-0.001761) > 60-69 (-0.017876)"", ""benchmark_beat_rate: 0-49 (0.475) > 60-69 (0.4)""]","{""n"": 134, ""p_value"": 0.7856, ""rho"": -0.0237}"
3,70-79,19,19,0.3684,"{""high"": 0.589605, ""low"": 0.191495}",-0.009615,-0.019108,-0.002702,0.008147,0.011161,0.7,10,,,0,LIMITED,"{""benchmark_beat_rate"": false, ""median_excess_return"": false, ""median_mfe"": null, ""median_return"": false, ""win_rate"": false}","[""win_rate: 50-59 (0.7222) > 60-69 (0.5263)"", ""win_rate: 60-69 (0.5263) > 70-79 (0.3684)"", ""median_return: 50-59 (0.03051) > 60-69 (0.007553)"", ""median_return: 60-69 (0.007553) > 70-79 (-0.009615)"", ""median_excess_return: 0-49 (-0.001761) > 60-69 (-0.017876)"", ""benchmark_beat_rate: 0-49 (0.475) > 60-69 (0.4)""]","{""n"": 134, ""p_value"": 0.7856, ""rho"": -0.0237}"
3,80-89,14,14,0.4286,"{""high"": 0.674094, ""low"": 0.213808}",-0.005773,0.001767,-0.002702,-0.004403,-0.013475,0.4286,7,,,0,LIMITED,"{""benchmark_beat_rate"": false, ""median_excess_return"": false, ""median_mfe"": null, ""median_return"": false, ""win_rate"": false}","[""win_rate: 50-59 (0.7222) > 60-69 (0.5263)"", ""win_rate: 60-69 (0.5263) > 70-79 (0.3684)"", ""median_return: 50-59 (0.03051) > 60-69 (0.007553)"", ""median_return: 60-69 (0.007553) > 70-79 (-0.009615)"", ""median_excess_return: 0-49 (-0.001761) > 60-69 (-0.017876)"", ""benchmark_beat_rate: 0-49 (0.475) > 60-69 (0.4)""]","{""n"": 134, ""p_value"": 0.7856, ""rho"": -0.0237}"
3,90-100,1,1,1.0,"{""high"": 1.0, ""low"": 0.206549}",0.063703,0.063703,0.016567,0.047136,0.047136,1.0,1,,,0,INSUFFICIENT,"{""benchmark_beat_rate"": false, ""median_excess_return"": false, ""median_mfe"": null, ""median_return"": false, ""win_rate"": false}","[""win_rate: 50-59 (0.7222) > 60-69 (0.5263)"", ""win_rate: 60-69 (0.5263) > 70-79 (0.3684)"", ""median_return: 50-59 (0.03051) > 60-69 (0.007553)"", ""median_return: 60-69 (0.007553) > 70-79 (-0.009615)"", ""median_excess_return: 0-49 (-0.001761) > 60-69 (-0.017876)"", ""benchmark_beat_rate: 0-49 (0.475) > 60-69 (0.4)""]","{""n"": 134, ""p_value"": 0.7856, ""rho"": -0.0237}"
5,0-49,63,63,0.5714,"{""high"": 0.686031, ""low"": 0.448616}",0.003181,0.016835,0.012775,0.011949,0.012909,0.55,40,0.055262,-0.037986,63,MODERATE,"{""benchmark_beat_rate"": false, ""median_excess_return"": false, ""median_mfe"": false, ""median_return"": false, ""win_rate"": false}","[""win_rate: 50-59 (0.6111) > 60-69 (0.5263)"", ""win_rate: 70-79 (0.5263) > 80-89 (0.4286)"", ""median_return: 50-59 (0.006906) > 60-69 (0.006874)"", ""median_return: 60-69 (0.006874) > 70-79 (0.003211)"", ""median_return: 70-79 (0.003211) > 80-89 (-0.022174)"", ""median_excess_return: 0-49 (0.011949) > 60-69 (-0.035142)"", ""benchmark_beat_rate: 0-49 (0.55) > 60-69 (0.3333)"", ""median_mfe: 50-59 (0.112444) > 60-69 (0.081087)"", ""median_mfe: 60-69 (0.081087) > 70-79 (0.052632)"", ""median_mfe: 70-79 (0.052632) > 80-89 (0.031624)""]","{""n"": 134, ""p_value"": 0.1414, ""rho"": -0.1277}"
5,50-59,18,18,0.6111,"{""high"": 0.796948, ""low"": 0.38619}",0.006906,0.042238,0.021151,-0.026783,-0.023192,0.25,8,0.112444,-0.035912,18,LIMITED,"{""benchmark_beat_rate"": false, ""median_excess_return"": false, ""median_mfe"": false, ""median_return"": false, ""win_rate"": false}","[""win_rate: 50-59 (0.6111) > 60-69 (0.5263)"", ""win_rate: 70-79 (0.5263) > 80-89 (0.4286)"", ""median_return: 50-59 (0.006906) > 60-69 (0.006874)"", ""median_return: 60-69 (0.006874) > 70-79 (0.003211)"", ""median_return: 70-79 (0.003211) > 80-89 (-0.022174)"", ""median_excess_return: 0-49 (0.011949) > 60-69 (-0.035142)"", ""benchmark_beat_rate: 0-49 (0.55) > 60-69 (0.3333)"", ""median_mfe: 50-59 (0.112444) > 60-69 (0.081087)"", ""median_mfe: 60-69 (0.081087) > 70-79 (0.052632)"", ""median_mfe: 70-79 (0.052632) > 80-89 (0.031624)""]","{""n"": 134, ""p_value"": 0.1414, ""rho"": -0.1277}"
5,60-69,19,19,0.5263,"{""high"": 0.726702, ""low"": 0.317078}",0.006874,0.004945,0.012775,-0.035142,-0.015334,0.3333,15,0.081087,-0.057131,19,LIMITED,"{""benchmark_beat_rate"": false, ""median_excess_return"": false, ""median_mfe"": false, ""median_return"": false, ""win_rate"": false}","[""win_rate: 50-59 (0.6111) > 60-69 (0.5263)"", ""win_rate: 70-79 (0.5263) > 80-89 (0.4286)"", ""median_return: 50-59 (0.006906) > 60-69 (0.006874)"", ""median_return: 60-69 (0.006874) > 70-79 (0.003211)"", ""median_return: 70-79 (0.003211) > 80-89 (-0.022174)"", ""median_excess_return: 0-49 (0.011949) > 60-69 (-0.035142)"", ""benchmark_beat_rate: 0-49 (0.55) > 60-69 (0.3333)"", ""median_mfe: 50-59 (0.112444) > 60-69 (0.081087)"", ""median_mfe: 60-69 (0.081087) > 70-79 (0.052632)"", ""median_mfe: 70-79 (0.052632) > 80-89 (0.031624)""]","{""n"": 134, ""p_value"": 0.1414, ""rho"": -0.1277}"
5,70-79,19,19,0.5263,"{""high"": 0.726702, ""low"": 0.317078}",0.003211,0.004228,-0.011048,0.005888,0.020521,0.5,10,0.052632,-0.057527,19,LIMITED,"{""benchmark_beat_rate"": false, ""median_excess_return"": false, ""median_mfe"": false, ""median_return"": false, ""win_rate"": false}","[""win_rate: 50-59 (0.6111) > 60-69 (0.5263)"", ""win_rate: 70-79 (0.5263) > 80-89 (0.4286)"", ""median_return: 50-59 (0.006906) > 60-69 (0.006874)"", ""median_return: 60-69 (0.006874) > 70-79 (0.003211)"", ""median_return: 70-79 (0.003211) > 80-89 (-0.022174)"", ""median_excess_return: 0-49 (0.011949) > 60-69 (-0.035142)"", ""benchmark_beat_rate: 0-49 (0.55) > 60-69 (0.3333)"", ""median_mfe: 50-59 (0.112444) > 60-69 (0.081087)"", ""median_mfe: 60-69 (0.081087) > 70-79 (0.052632)"", ""median_mfe: 70-79 (0.052632) > 80-89 (0.031624)""]","{""n"": 134, ""p_value"": 0.1414, ""rho"": -0.1277}"
5,80-89,14,14,0.4286,"{""high"": 0.674094, ""low"": 0.213808}",-0.022174,-0.021203,-0.011714,-0.051622,-0.037676,0.2857,7,0.031624,-0.053928,14,LIMITED,"{""benchmark_beat_rate"": false, ""median_excess_return"": false, ""median_mfe"": false, ""median_return"": false, ""win_rate"": false}","[""win_rate: 50-59 (0.6111) > 60-69 (0.5263)"", ""win_rate: 70-79 (0.5263) > 80-89 (0.4286)"", ""median_return: 50-59 (0.006906) > 60-69 (0.006874)"", ""median_return: 60-69 (0.006874) > 70-79 (0.003211)"", ""median_return: 70-79 (0.003211) > 80-89 (-0.022174)"", ""median_excess_return: 0-49 (0.011949) > 60-69 (-0.035142)"", ""benchmark_beat_rate: 0-49 (0.55) > 60-69 (0.3333)"", ""median_mfe: 50-59 (0.112444) > 60-69 (0.081087)"", ""median_mfe: 60-69 (0.081087) > 70-79 (0.052632)"", ""median_mfe: 70-79 (0.052632) > 80-89 (0.031624)""]","{""n"": 134, ""p_value"": 0.1414, ""rho"": -0.1277}"
5,90-100,1,1,1.0,"{""high"": 1.0, ""low"": 0.206549}",0.072621,0.072621,0.019427,0.053194,0.053194,1.0,1,0.241233,0.050777,1,INSUFFICIENT,"{""benchmark_beat_rate"": false, ""median_excess_return"": false, ""median_mfe"": false, ""median_return"": false, ""win_rate"": false}","[""win_rate: 50-59 (0.6111) > 60-69 (0.5263)"", ""win_rate: 70-79 (0.5263) > 80-89 (0.4286)"", ""median_return: 50-59 (0.006906) > 60-69 (0.006874)"", ""median_return: 60-69 (0.006874) > 70-79 (0.003211)"", ""median_return: 70-79 (0.003211) > 80-89 (-0.022174)"", ""median_excess_return: 0-49 (0.011949) > 60-69 (-0.035142)"", ""benchmark_beat_rate: 0-49 (0.55) > 60-69 (0.3333)"", ""median_mfe: 50-59 (0.112444) > 60-69 (0.081087)"", ""median_mfe: 60-69 (0.081087) > 70-79 (0.052632)"", ""median_mfe: 70-79 (0.052632) > 80-89 (0.031624)""]","{""n"": 134, ""p_value"": 0.1414, ""rho"": -0.1277}"
